SKU,Warehouse_ID,Stock_On_Hand,Reserved,Available_Stock
SKU-001,WH-MAIN,11,0,11
SKU-001,WH-SECONDARY,23,0,23
SKU-002,WH-MAIN,34,0,34
SKU-002,WH-SECONDARY,18,0,18
SKU-003,WH-MAIN,20,0,20
SKU-003,WH-SECONDARY,15,0,15
SKU-004,WH-MAIN,30,0,30
SKU-004,WH-SECONDARY,3,0,3
SKU-005,WH-MAIN,8,0,8
SKU-005,WH-SECONDARY,11,0,11
SKU-006,WH-MAIN,18,0,18
SKU-006,WH-SECONDARY,27,0,27
SKU-007,WH-MAIN,0,0,0
SKU-007,WH-SECONDARY,1,0,1
SKU-008,WH-MAIN,17,0,17
SKU-008,WH-SECONDARY,25,0,25
SKU-009,WH-MAIN,1,0,1
SKU-009,WH-SECONDARY,6,0,6
SKU-010,WH-MAIN,22,0,22
SKU-010,WH-SECONDARY,13,0,13
SKU-011,WH-MAIN,10,0,10
SKU-011,WH-SECONDARY,7,0,7
SKU-012,WH-MAIN,32,0,32
SKU-012,WH-SECONDARY,14,0,14
SKU-013,WH-MAIN,30,0,30
SKU-013,WH-SECONDARY,17,0,17
SKU-014,WH-MAIN,0,0,0
SKU-014,WH-SECONDARY,2,0,2
SKU-015,WH-MAIN,34,0,34
SKU-015,WH-SECONDARY,7,0,7
SKU-016,WH-MAIN,10,0,10
SKU-016,WH-SECONDARY,15,0,15
SKU-017,WH-MAIN,11,0,11
SKU-017,WH-SECONDARY,28,0,28
SKU-018,WH-MAIN,0,0,0
SKU-018,WH-SECONDARY,12,0,12
SKU-019,WH-MAIN,13,0,13
SKU-019,WH-SECONDARY,25,0,25
SKU-020,WH-MAIN,19,0,19
SKU-020,WH-SECONDARY,22,0,22
SKU-021,WH-MAIN,35,0,35
SKU-021,WH-SECONDARY,25,0,25
SKU-022,WH-MAIN,22,0,22
SKU-022,WH-SECONDARY,15,0,15
SKU-023,WH-MAIN,1,0,1
SKU-023,WH-SECONDARY,30,0,30
SKU-024,WH-MAIN,6,0,6
SKU-024,WH-SECONDARY,17,0,17
SKU-025,WH-MAIN,6,0,6
SKU-025,WH-SECONDARY,1,0,1
SKU-026,WH-MAIN,6,0,6
SKU-026,WH-SECONDARY,16,0,16
SKU-027,WH-MAIN,34,0,34
SKU-027,WH-SECONDARY,5,0,5
SKU-028,WH-MAIN,6,0,6
SKU-028,WH-SECONDARY,2,0,2
SKU-029,WH-MAIN,0,0,0
SKU-029,WH-SECONDARY,21,0,21
SKU-030,WH-MAIN,32,0,32
SKU-030,WH-SECONDARY,3,0,3
SKU-031,WH-MAIN,35,0,35
SKU-031,WH-SECONDARY,7,0,7
SKU-032,WH-MAIN,23,0,23
SKU-032,WH-SECONDARY,19,0,19
SKU-033,WH-MAIN,7,0,7
SKU-033,WH-SECONDARY,18,0,18
SKU-034,WH-MAIN,23,0,23
SKU-034,WH-SECONDARY,29,0,29
SKU-035,WH-MAIN,13,0,13
SKU-035,WH-SECONDARY,22,0,22
SKU-036,WH-MAIN,15,0,15
SKU-036,WH-SECONDARY,12,0,12
SKU-037,WH-MAIN,9,0,9
SKU-037,WH-SECONDARY,9,0,9
SKU-038,WH-MAIN,19,0,19
SKU-038,WH-SECONDARY,24,0,24
SKU-039,WH-MAIN,3,0,3
SKU-039,WH-SECONDARY,19,0,19
SKU-040,WH-MAIN,23,0,23
SKU-040,WH-SECONDARY,2,0,2
SKU-041,WH-MAIN,22,0,22
SKU-041,WH-SECONDARY,8,0,8
SKU-042,WH-MAIN,9,0,9
SKU-042,WH-SECONDARY,28,0,28
SKU-043,WH-MAIN,7,0,7
SKU-043,WH-SECONDARY,11,0,11
SKU-044,WH-MAIN,2,0,2
SKU-044,WH-SECONDARY,19,0,19
SKU-045,WH-MAIN,30,0,30
SKU-045,WH-SECONDARY,0,0,0
SKU-046,WH-MAIN,26,0,26
SKU-046,WH-SECONDARY,9,0,9
SKU-047,WH-MAIN,34,0,34
SKU-047,WH-SECONDARY,30,0,30
SKU-048,WH-MAIN,0,0,0
SKU-048,WH-SECONDARY,28,0,28
SKU-049,WH-MAIN,8,0,8
SKU-049,WH-SECONDARY,4,0,4
SKU-050,WH-MAIN,13,0,13
SKU-050,WH-SECONDARY,6,0,6
