SKU,Product_Name,Category,Variant,Unit_Price
SKU-001,Premium Running Shoes,Electronics,Black,599
SKU-002,Bluetooth Speaker,Apparel,Blue,1999
SKU-003,Premium Running Shoes,Apparel,Medium,299
SKU-004,Premium Running Shoes,Footwear,Red,1999
SKU-005,Travel Pouch,Home,Black,599
SKU-006,Cotton Bedsheet,Footwear,Medium,1599
SKU-007,Travel Pouch,Apparel,Green,499
SKU-008,USB-C Charger,Electronics,Large,499
SKU-009,Bluetooth Speaker,Apparel,Large,399
SKU-010,USB-C Charger,Electronics,White,999
SKU-011,Travel Pouch,Apparel,Green,1599
SKU-012,Cotton Bedsheet,Accessories,White,399
SKU-013,Cotton Bedsheet,Home,Green,999
SKU-014,Travel Pouch,Apparel,Red,299
SKU-015,Bluetooth Speaker,Apparel,Green,599
SKU-016,Premium Running Shoes,Electronics,Medium,1599
SKU-017,Stainless Steel Bottle,Electronics,Blue,999
SKU-018,Bluetooth Speaker,Apparel,Green,499
SKU-019,Cotton Bedsheet,Footwear,Red,1599
SKU-020,USB-C Charger,Home,Green,599
SKU-021,Stainless Steel Bottle,Footwear,Black,299
SKU-022,Stainless Steel Bottle,Electronics,Medium,399
SKU-023,Bluetooth Speaker,Footwear,Large,1599
SKU-024,USB-C Charger,Footwear,Small,799
SKU-025,Wireless Mouse,Home,Red,1999
SKU-026,Laptop Backpack,Home,Medium,1299
SKU-027,Stainless Steel Bottle,Footwear,Red,1999
SKU-028,Desk Organizer,Apparel,White,399
SKU-029,Wireless Mouse,Accessories,Blue,399
SKU-030,USB-C Charger,Home,Medium,1599
SKU-031,Cotton Bedsheet,Home,Green,299
SKU-032,Premium Running Shoes,Electronics,Green,399
SKU-033,Laptop Backpack,Footwear,Medium,1599
SKU-034,Classic Cotton T-Shirt,Home,Green,499
SKU-035,Cotton Bedsheet,Electronics,White,1999
SKU-036,Travel Pouch,Footwear,Red,999
SKU-037,Wireless Mouse,Home,Black,999
SKU-038,Desk Organizer,Apparel,Black,999
SKU-039,Laptop Backpack,Apparel,Red,599
SKU-040,Travel Pouch,Apparel,White,1599
SKU-041,Premium Running Shoes,Footwear,Blue,1599
SKU-042,Cotton Bedsheet,Electronics,Blue,1999
SKU-043,Travel Pouch,Footwear,Medium,1999
SKU-044,Bluetooth Speaker,Accessories,Green,999
SKU-045,Desk Organizer,Apparel,Small,599
SKU-046,Bluetooth Speaker,Electronics,White,299
SKU-047,Travel Pouch,Home,Red,599
SKU-048,Classic Cotton T-Shirt,Apparel,White,599
SKU-049,Premium Running Shoes,Electronics,Black,399
SKU-050,Cotton Bedsheet,Electronics,Red,1599
